class_id;type;required;penalty
2;SameAttendees;VERDADERO;
3;SameAttendees;VERDADERO;
2;SameAttendees;VERDADERO;
3;SameAttendees;VERDADERO;
409;SameAttendees;VERDADERO;
410;SameAttendees;VERDADERO;
411;SameAttendees;VERDADERO;
412;SameAttendees;VERDADERO;
4;SameAttendees;VERDADERO;
231;SameAttendees;VERDADERO;
472;SameAttendees;VERDADERO;
5;SameAttendees;VERDADERO;
21;SameAttendees;VERDADERO;
226;SameAttendees;VERDADERO;
6;SameAttendees;VERDADERO;
7;SameAttendees;VERDADERO;
54;SameAttendees;VERDADERO;
132;SameAttendees;VERDADERO;
133;SameAttendees;VERDADERO;
134;SameAttendees;VERDADERO;
8;SameAttendees;VERDADERO;
9;SameAttendees;VERDADERO;
21;SameAttendees;VERDADERO;
63;SameAttendees;VERDADERO;
72;SameAttendees;VERDADERO;
10;SameAttendees;VERDADERO;
11;SameAttendees;VERDADERO;
58;SameAttendees;VERDADERO;
68;SameAttendees;VERDADERO;
14;SameAttendees;VERDADERO;
15;SameAttendees;VERDADERO;
16;SameAttendees;VERDADERO;
130;SameAttendees;VERDADERO;
19;SameAttendees;VERDADERO;
20;SameAttendees;VERDADERO;
118;SameAttendees;VERDADERO;
22;SameAttendees;VERDADERO;
246;SameAttendees;VERDADERO;
23;SameAttendees;VERDADERO;
77;SameAttendees;VERDADERO;
24;SameAttendees;VERDADERO;
78;SameAttendees;VERDADERO;
79;SameAttendees;VERDADERO;
25;SameAttendees;VERDADERO;
374;SameAttendees;VERDADERO;
25;SameAttendees;VERDADERO;
477;SameAttendees;VERDADERO;
482;SameAttendees;VERDADERO;
483;SameAttendees;VERDADERO;
25;SameAttendees;VERDADERO;
297;SameAttendees;VERDADERO;
404;SameAttendees;VERDADERO;
25;SameAttendees;VERDADERO;
36;SameAttendees;VERDADERO;
26;SameAttendees;VERDADERO;
367;SameAttendees;VERDADERO;
27;SameAttendees;VERDADERO;
37;SameAttendees;VERDADERO;
159;SameAttendees;VERDADERO;
28;SameAttendees;VERDADERO;
29;SameAttendees;VERDADERO;
172;SameAttendees;VERDADERO;
173;SameAttendees;VERDADERO;
174;SameAttendees;VERDADERO;
30;SameAttendees;VERDADERO;
255;SameAttendees;VERDADERO;
419;SameAttendees;VERDADERO;
421;SameAttendees;VERDADERO;
31;SameAttendees;VERDADERO;
32;SameAttendees;VERDADERO;
101;SameAttendees;VERDADERO;
399;SameAttendees;VERDADERO;
419;SameAttendees;VERDADERO;
33;SameAttendees;VERDADERO;
34;SameAttendees;VERDADERO;
398;SameAttendees;VERDADERO;
419;SameAttendees;VERDADERO;
35;SameAttendees;VERDADERO;
110;SameAttendees;VERDADERO;
124;SameAttendees;VERDADERO;
320;SameAttendees;VERDADERO;
326;SameAttendees;VERDADERO;
38;SameAttendees;VERDADERO;
39;SameAttendees;VERDADERO;
41;SameAttendees;VERDADERO;
42;SameAttendees;VERDADERO;
85;SameAttendees;VERDADERO;
86;SameAttendees;VERDADERO;
43;SameAttendees;VERDADERO;
44;SameAttendees;VERDADERO;
45;SameAttendees;VERDADERO;
46;SameAttendees;VERDADERO;
59;SameAttendees;VERDADERO;
61;SameAttendees;VERDADERO;
48;SameAttendees;VERDADERO;
49;SameAttendees;VERDADERO;
55;SameAttendees;VERDADERO;
56;SameAttendees;VERDADERO;
57;SameAttendees;VERDADERO;
58;SameAttendees;VERDADERO;
59;SameAttendees;VERDADERO;
60;SameAttendees;VERDADERO;
60;SameAttendees;VERDADERO;
65;SameAttendees;VERDADERO;
66;SameAttendees;VERDADERO;
69;SameAttendees;VERDADERO;
70;SameAttendees;VERDADERO;
129;SameAttendees;VERDADERO;
131;SameAttendees;VERDADERO;
73;SameAttendees;VERDADERO;
74;SameAttendees;VERDADERO;
75;SameAttendees;VERDADERO;
76;SameAttendees;VERDADERO;
160;SameAttendees;VERDADERO;
161;SameAttendees;VERDADERO;
162;SameAttendees;VERDADERO;
163;SameAttendees;VERDADERO;
80;SameAttendees;VERDADERO;
81;SameAttendees;VERDADERO;
135;SameAttendees;VERDADERO;
466;SameAttendees;VERDADERO;
84;SameAttendees;VERDADERO;
87;SameAttendees;VERDADERO;
88;SameAttendees;VERDADERO;
89;SameAttendees;VERDADERO;
90;SameAttendees;VERDADERO;
91;SameAttendees;VERDADERO;
426;SameAttendees;VERDADERO;
429;SameAttendees;VERDADERO;
432;SameAttendees;VERDADERO;
435;SameAttendees;VERDADERO;
438;SameAttendees;VERDADERO;
441;SameAttendees;VERDADERO;
91;SameAttendees;VERDADERO;
104;SameAttendees;VERDADERO;
92;SameAttendees;VERDADERO;
93;SameAttendees;VERDADERO;
94;SameAttendees;VERDADERO;
96;SameAttendees;VERDADERO;
97;SameAttendees;VERDADERO;
102;SameAttendees;VERDADERO;
149;SameAttendees;VERDADERO;
150;SameAttendees;VERDADERO;
151;SameAttendees;VERDADERO;
332;SameAttendees;VERDADERO;
333;SameAttendees;VERDADERO;
334;SameAttendees;VERDADERO;
335;SameAttendees;VERDADERO;
103;SameAttendees;VERDADERO;
256;SameAttendees;VERDADERO;
257;SameAttendees;VERDADERO;
419;SameAttendees;VERDADERO;
105;SameAttendees;VERDADERO;
106;SameAttendees;VERDADERO;
356;SameAttendees;VERDADERO;
108;SameAttendees;VERDADERO;
109;SameAttendees;VERDADERO;
409;SameAttendees;VERDADERO;
410;SameAttendees;VERDADERO;
411;SameAttendees;VERDADERO;
412;SameAttendees;VERDADERO;
111;SameAttendees;VERDADERO;
112;SameAttendees;VERDADERO;
232;SameAttendees;VERDADERO;
344;SameAttendees;VERDADERO;
345;SameAttendees;VERDADERO;
346;SameAttendees;VERDADERO;
379;SameAttendees;VERDADERO;
474;SameAttendees;VERDADERO;
113;SameAttendees;VERDADERO;
114;SameAttendees;VERDADERO;
115;SameAttendees;VERDADERO;
119;SameAttendees;VERDADERO;
120;SameAttendees;VERDADERO;
121;SameAttendees;VERDADERO;
122;SameAttendees;VERDADERO;
125;SameAttendees;VERDADERO;
126;SameAttendees;VERDADERO;
127;SameAttendees;VERDADERO;
128;SameAttendees;VERDADERO;
230;SameAttendees;VERDADERO;
136;SameAttendees;VERDADERO;
137;SameAttendees;VERDADERO;
138;SameAttendees;VERDADERO;
139;SameAttendees;VERDADERO;
140;SameAttendees;VERDADERO;
141;SameAttendees;VERDADERO;
142;SameAttendees;VERDADERO;
143;SameAttendees;VERDADERO;
144;SameAttendees;VERDADERO;
145;SameAttendees;VERDADERO;
146;SameAttendees;VERDADERO;
147;SameAttendees;VERDADERO;
148;SameAttendees;VERDADERO;
388;SameAttendees;VERDADERO;
476;SameAttendees;VERDADERO;
152;SameAttendees;VERDADERO;
153;SameAttendees;VERDADERO;
155;SameAttendees;VERDADERO;
156;SameAttendees;VERDADERO;
157;SameAttendees;VERDADERO;
158;SameAttendees;VERDADERO;
164;SameAttendees;VERDADERO;
165;SameAttendees;VERDADERO;
166;SameAttendees;VERDADERO;
167;SameAttendees;VERDADERO;
168;SameAttendees;VERDADERO;
169;SameAttendees;VERDADERO;
170;SameAttendees;VERDADERO;
171;SameAttendees;VERDADERO;
175;SameAttendees;VERDADERO;
176;SameAttendees;VERDADERO;
177;SameAttendees;VERDADERO;
178;SameAttendees;VERDADERO;
180;SameAttendees;VERDADERO;
181;SameAttendees;VERDADERO;
215;SameAttendees;VERDADERO;
216;SameAttendees;VERDADERO;
182;SameAttendees;VERDADERO;
217;SameAttendees;VERDADERO;
218;SameAttendees;VERDADERO;
219;SameAttendees;VERDADERO;
183;SameAttendees;VERDADERO;
184;SameAttendees;VERDADERO;
185;SameAttendees;VERDADERO;
186;SameAttendees;VERDADERO;
187;SameAttendees;VERDADERO;
188;SameAttendees;VERDADERO;
189;SameAttendees;VERDADERO;
190;SameAttendees;VERDADERO;
200;SameAttendees;VERDADERO;
201;SameAttendees;VERDADERO;
193;SameAttendees;VERDADERO;
194;SameAttendees;VERDADERO;
196;SameAttendees;VERDADERO;
197;SameAttendees;VERDADERO;
198;SameAttendees;VERDADERO;
199;SameAttendees;VERDADERO;
202;SameAttendees;VERDADERO;
220;SameAttendees;VERDADERO;
221;SameAttendees;VERDADERO;
203;SameAttendees;VERDADERO;
204;SameAttendees;VERDADERO;
205;SameAttendees;VERDADERO;
222;SameAttendees;VERDADERO;
206;SameAttendees;VERDADERO;
207;SameAttendees;VERDADERO;
208;SameAttendees;VERDADERO;
209;SameAttendees;VERDADERO;
210;SameAttendees;VERDADERO;
211;SameAttendees;VERDADERO;
224;SameAttendees;VERDADERO;
225;SameAttendees;VERDADERO;
227;SameAttendees;VERDADERO;
413;SameAttendees;VERDADERO;
228;SameAttendees;VERDADERO;
234;SameAttendees;VERDADERO;
356;SameAttendees;VERDADERO;
368;SameAttendees;VERDADERO;
229;SameAttendees;VERDADERO;
247;SameAttendees;VERDADERO;
327;SameAttendees;VERDADERO;
328;SameAttendees;VERDADERO;
448;SameAttendees;VERDADERO;
229;SameAttendees;VERDADERO;
254;SameAttendees;VERDADERO;
382;SameAttendees;VERDADERO;
383;SameAttendees;VERDADERO;
232;SameAttendees;VERDADERO;
474;SameAttendees;VERDADERO;
239;SameAttendees;VERDADERO;
365;SameAttendees;VERDADERO;
401;SameAttendees;VERDADERO;
240;SameAttendees;VERDADERO;
374;SameAttendees;VERDADERO;
404;SameAttendees;VERDADERO;
477;SameAttendees;VERDADERO;
241;SameAttendees;VERDADERO;
262;SameAttendees;VERDADERO;
276;SameAttendees;VERDADERO;
277;SameAttendees;VERDADERO;
355;SameAttendees;VERDADERO;
391;SameAttendees;VERDADERO;
242;SameAttendees;VERDADERO;
243;SameAttendees;VERDADERO;
244;SameAttendees;VERDADERO;
245;SameAttendees;VERDADERO;
355;SameAttendees;VERDADERO;
247;SameAttendees;VERDADERO;
252;SameAttendees;VERDADERO;
247;SameAttendees;VERDADERO;
250;SameAttendees;VERDADERO;
247;SameAttendees;VERDADERO;
251;SameAttendees;VERDADERO;
247;SameAttendees;VERDADERO;
248;SameAttendees;VERDADERO;
249;SameAttendees;VERDADERO;
247;SameAttendees;VERDADERO;
296;SameAttendees;VERDADERO;
447;SameAttendees;VERDADERO;
448;SameAttendees;VERDADERO;
254;SameAttendees;VERDADERO;
267;SameAttendees;VERDADERO;
268;SameAttendees;VERDADERO;
269;SameAttendees;VERDADERO;
270;SameAttendees;VERDADERO;
258;SameAttendees;VERDADERO;
259;SameAttendees;VERDADERO;
263;SameAttendees;VERDADERO;
264;SameAttendees;VERDADERO;
265;SameAttendees;VERDADERO;
266;SameAttendees;VERDADERO;
357;SameAttendees;VERDADERO;
358;SameAttendees;VERDADERO;
423;SameAttendees;VERDADERO;
424;SameAttendees;VERDADERO;
258;SameAttendees;VERDADERO;
259;SameAttendees;VERDADERO;
263;SameAttendees;VERDADERO;
402;SameAttendees;VERDADERO;
403;SameAttendees;VERDADERO;
261;SameAttendees;VERDADERO;
302;SameAttendees;VERDADERO;
359;SameAttendees;VERDADERO;
263;SameAttendees;VERDADERO;
264;SameAttendees;VERDADERO;
265;SameAttendees;VERDADERO;
266;SameAttendees;VERDADERO;
267;SameAttendees;VERDADERO;
268;SameAttendees;VERDADERO;
269;SameAttendees;VERDADERO;
270;SameAttendees;VERDADERO;
363;SameAttendees;VERDADERO;
409;SameAttendees;VERDADERO;
410;SameAttendees;VERDADERO;
411;SameAttendees;VERDADERO;
412;SameAttendees;VERDADERO;
461;SameAttendees;VERDADERO;
462;SameAttendees;VERDADERO;
271;SameAttendees;VERDADERO;
370;SameAttendees;VERDADERO;
371;SameAttendees;VERDADERO;
372;SameAttendees;VERDADERO;
425;SameAttendees;VERDADERO;
456;SameAttendees;VERDADERO;
272;SameAttendees;VERDADERO;
273;SameAttendees;VERDADERO;
274;SameAttendees;VERDADERO;
275;SameAttendees;VERDADERO;
276;SameAttendees;VERDADERO;
355;SameAttendees;VERDADERO;
391;SameAttendees;VERDADERO;
278;SameAttendees;VERDADERO;
408;SameAttendees;VERDADERO;
448;SameAttendees;VERDADERO;
279;SameAttendees;VERDADERO;
280;SameAttendees;VERDADERO;
281;SameAttendees;VERDADERO;
282;SameAttendees;VERDADERO;
450;SameAttendees;VERDADERO;
283;SameAttendees;VERDADERO;
284;SameAttendees;VERDADERO;
285;SameAttendees;VERDADERO;
286;SameAttendees;VERDADERO;
450;SameAttendees;VERDADERO;
287;SameAttendees;VERDADERO;
288;SameAttendees;VERDADERO;
291;SameAttendees;VERDADERO;
292;SameAttendees;VERDADERO;
294;SameAttendees;VERDADERO;
295;SameAttendees;VERDADERO;
342;SameAttendees;VERDADERO;
343;SameAttendees;VERDADERO;
298;SameAttendees;VERDADERO;
299;SameAttendees;VERDADERO;
300;SameAttendees;VERDADERO;
301;SameAttendees;VERDADERO;
392;SameAttendees;VERDADERO;
405;SameAttendees;VERDADERO;
406;SameAttendees;VERDADERO;
445;SameAttendees;VERDADERO;
299;SameAttendees;VERDADERO;
300;SameAttendees;VERDADERO;
301;SameAttendees;VERDADERO;
299;SameAttendees;VERDADERO;
300;SameAttendees;VERDADERO;
303;SameAttendees;VERDADERO;
336;SameAttendees;VERDADERO;
337;SameAttendees;VERDADERO;
338;SameAttendees;VERDADERO;
454;SameAttendees;VERDADERO;
475;SameAttendees;VERDADERO;
304;SameAttendees;VERDADERO;
404;SameAttendees;VERDADERO;
305;SameAttendees;VERDADERO;
364;SameAttendees;VERDADERO;
306;SameAttendees;VERDADERO;
465;SameAttendees;VERDADERO;
307;SameAttendees;VERDADERO;
308;SameAttendees;VERDADERO;
309;SameAttendees;VERDADERO;
310;SameAttendees;VERDADERO;
311;SameAttendees;VERDADERO;
312;SameAttendees;VERDADERO;
313;SameAttendees;VERDADERO;
314;SameAttendees;VERDADERO;
315;SameAttendees;VERDADERO;
316;SameAttendees;VERDADERO;
317;SameAttendees;VERDADERO;
318;SameAttendees;VERDADERO;
319;SameAttendees;VERDADERO;
327;SameAttendees;VERDADERO;
328;SameAttendees;VERDADERO;
329;SameAttendees;VERDADERO;
330;SameAttendees;VERDADERO;
331;SameAttendees;VERDADERO;
448;SameAttendees;VERDADERO;
340;SameAttendees;VERDADERO;
341;SameAttendees;VERDADERO;
347;SameAttendees;VERDADERO;
348;SameAttendees;VERDADERO;
349;SameAttendees;VERDADERO;
350;SameAttendees;VERDADERO;
351;SameAttendees;VERDADERO;
352;SameAttendees;VERDADERO;
353;SameAttendees;VERDADERO;
354;SameAttendees;VERDADERO;
361;SameAttendees;VERDADERO;
362;SameAttendees;VERDADERO;
364;SameAttendees;VERDADERO;
375;SameAttendees;VERDADERO;
386;SameAttendees;VERDADERO;
387;SameAttendees;VERDADERO;
366;SameAttendees;VERDADERO;
373;SameAttendees;VERDADERO;
371;SameAttendees;VERDADERO;
372;SameAttendees;VERDADERO;
376;SameAttendees;VERDADERO;
377;SameAttendees;VERDADERO;
380;SameAttendees;VERDADERO;
381;SameAttendees;VERDADERO;
389;SameAttendees;VERDADERO;
390;SameAttendees;VERDADERO;
471;SameAttendees;VERDADERO;
384;SameAttendees;VERDADERO;
385;SameAttendees;VERDADERO;
471;SameAttendees;VERDADERO;
386;SameAttendees;VERDADERO;
387;SameAttendees;VERDADERO;
392;SameAttendees;VERDADERO;
395;SameAttendees;VERDADERO;
393;SameAttendees;VERDADERO;
394;SameAttendees;VERDADERO;
397;SameAttendees;VERDADERO;
419;SameAttendees;VERDADERO;
407;SameAttendees;VERDADERO;
407;SameAttendees;VERDADERO;
444;SameAttendees;VERDADERO;
409;SameAttendees;VERDADERO;
410;SameAttendees;VERDADERO;
411;SameAttendees;VERDADERO;
412;SameAttendees;VERDADERO;
409;SameAttendees;VERDADERO;
410;SameAttendees;VERDADERO;
411;SameAttendees;VERDADERO;
412;SameAttendees;VERDADERO;
427;SameAttendees;VERDADERO;
430;SameAttendees;VERDADERO;
433;SameAttendees;VERDADERO;
436;SameAttendees;VERDADERO;
439;SameAttendees;VERDADERO;
442;SameAttendees;VERDADERO;
418;SameAttendees;VERDADERO;
535;SameAttendees;VERDADERO;
426;SameAttendees;VERDADERO;
429;SameAttendees;VERDADERO;
432;SameAttendees;VERDADERO;
435;SameAttendees;VERDADERO;
438;SameAttendees;VERDADERO;
441;SameAttendees;VERDADERO;
427;SameAttendees;VERDADERO;
430;SameAttendees;VERDADERO;
433;SameAttendees;VERDADERO;
436;SameAttendees;VERDADERO;
439;SameAttendees;VERDADERO;
442;SameAttendees;VERDADERO;
428;SameAttendees;VERDADERO;
431;SameAttendees;VERDADERO;
434;SameAttendees;VERDADERO;
437;SameAttendees;VERDADERO;
440;SameAttendees;VERDADERO;
443;SameAttendees;VERDADERO;
451;SameAttendees;VERDADERO;
467;SameAttendees;VERDADERO;
468;SameAttendees;VERDADERO;
469;SameAttendees;VERDADERO;
518;SameAttendees;VERDADERO;
519;SameAttendees;VERDADERO;
451;SameAttendees;VERDADERO;
452;SameAttendees;VERDADERO;
453;SameAttendees;VERDADERO;
460;SameAttendees;VERDADERO;
461;SameAttendees;VERDADERO;
462;SameAttendees;VERDADERO;
463;SameAttendees;VERDADERO;
464;SameAttendees;VERDADERO;
468;SameAttendees;VERDADERO;
469;SameAttendees;VERDADERO;
470;SameAttendees;VERDADERO;
472;SameAttendees;VERDADERO;
518;SameAttendees;VERDADERO;
519;SameAttendees;VERDADERO;
526;SameAttendees;VERDADERO;
527;SameAttendees;VERDADERO;
477;SameAttendees;VERDADERO;
478;SameAttendees;VERDADERO;
479;SameAttendees;VERDADERO;
477;SameAttendees;VERDADERO;
484;SameAttendees;VERDADERO;
485;SameAttendees;VERDADERO;
480;SameAttendees;VERDADERO;
481;SameAttendees;VERDADERO;
488;SameAttendees;VERDADERO;
489;SameAttendees;VERDADERO;
512;SameAttendees;VERDADERO;
490;SameAttendees;VERDADERO;
513;SameAttendees;VERDADERO;
514;SameAttendees;VERDADERO;
491;SameAttendees;VERDADERO;
492;SameAttendees;VERDADERO;
520;SameAttendees;VERDADERO;
521;SameAttendees;VERDADERO;
493;SameAttendees;VERDADERO;
494;SameAttendees;VERDADERO;
495;SameAttendees;VERDADERO;
496;SameAttendees;VERDADERO;
497;SameAttendees;VERDADERO;
498;SameAttendees;VERDADERO;
499;SameAttendees;VERDADERO;
500;SameAttendees;VERDADERO;
501;SameAttendees;VERDADERO;
502;SameAttendees;VERDADERO;
509;SameAttendees;VERDADERO;
510;SameAttendees;VERDADERO;
503;SameAttendees;VERDADERO;
504;SameAttendees;VERDADERO;
505;SameAttendees;VERDADERO;
506;SameAttendees;VERDADERO;
507;SameAttendees;VERDADERO;
508;SameAttendees;VERDADERO;
533;SameAttendees;VERDADERO;
534;SameAttendees;VERDADERO;
516;SameAttendees;VERDADERO;
517;SameAttendees;VERDADERO;
522;SameAttendees;VERDADERO;
523;SameAttendees;VERDADERO;
524;SameAttendees;VERDADERO;
525;SameAttendees;VERDADERO;
528;SameAttendees;VERDADERO;
531;SameAttendees;VERDADERO;
532;SameAttendees;VERDADERO;
529;SameAttendees;VERDADERO;
530;SameAttendees;VERDADERO;
279;SameDays;VERDADERO;
280;SameDays;VERDADERO;
279;SameRoom;VERDADERO;
280;SameRoom;VERDADERO;
279;WorkDay(48);VERDADERO;
280;WorkDay(48);VERDADERO;
291;SameDays;VERDADERO;
292;SameDays;VERDADERO;
291;SameRoom;VERDADERO;
292;SameRoom;VERDADERO;
291;WorkDay(48);VERDADERO;
292;WorkDay(48);VERDADERO;
105;SameDays;VERDADERO;
106;SameDays;VERDADERO;
105;SameRoom;VERDADERO;
106;SameRoom;VERDADERO;
105;WorkDay(48);VERDADERO;
106;WorkDay(48);VERDADERO;
353;SameDays;VERDADERO;
354;SameDays;VERDADERO;
353;SameRoom;VERDADERO;
354;SameRoom;VERDADERO;
353;WorkDay(48);VERDADERO;
354;WorkDay(48);VERDADERO;
386;DifferentDays;VERDADERO;
387;DifferentDays;VERDADERO;
272;Precedence;VERDADERO;
273;Precedence;VERDADERO;
272;SameDays;VERDADERO;
273;SameDays;VERDADERO;
272;WorkDay(48);VERDADERO;
273;WorkDay(48);VERDADERO;
274;Precedence;VERDADERO;
275;Precedence;VERDADERO;
274;SameDays;VERDADERO;
275;SameDays;VERDADERO;
274;WorkDay(36);VERDADERO;
275;WorkDay(36);VERDADERO;
299;Precedence;VERDADERO;
300;Precedence;VERDADERO;
299;SameDays;VERDADERO;
300;SameDays;VERDADERO;
299;WorkDay(24);VERDADERO;
300;WorkDay(24);VERDADERO;
464;Precedence;VERDADERO;
463;Precedence;VERDADERO;
464;SameDays;VERDADERO;
463;SameDays;VERDADERO;
464;WorkDay(48);VERDADERO;
463;WorkDay(48);VERDADERO;
281;SameDays;;1
282;SameDays;;1
281;WorkDay(48);;1
282;WorkDay(48);;1
283;SameDays;;1
284;SameDays;;1
283;WorkDay(48);;1
284;WorkDay(48);;1
285;SameDays;;1
286;SameDays;;1
285;WorkDay(48);;1
286;WorkDay(48);;1
294;SameDays;;1
295;SameDays;;1
294;WorkDay(48);;1
295;WorkDay(48);;1
384;SameDays;;4
385;SameDays;;4
384;WorkDay(48);;4
385;WorkDay(48);;4
414;SameDays;;4
416;SameDays;;4
414;WorkDay(48);;4
416;WorkDay(48);;4
535;SameDays;VERDADERO;
418;SameDays;VERDADERO;
535;WorkDay(48);VERDADERO;
418;WorkDay(48);VERDADERO;
516;SameDays;VERDADERO;
517;SameDays;VERDADERO;
516;WorkDay(48);VERDADERO;
517;WorkDay(48);VERDADERO;
522;SameDays;VERDADERO;
523;SameDays;VERDADERO;
522;WorkDay(48);VERDADERO;
523;WorkDay(48);VERDADERO;
526;SameDays;VERDADERO;
527;SameDays;VERDADERO;
528;SameDays;VERDADERO;
526;WorkDay(72);VERDADERO;
527;WorkDay(72);VERDADERO;
528;WorkDay(72);VERDADERO;
491;SameDays;;1
492;SameDays;;1
491;WorkDay(48);;1
492;WorkDay(48);;1
503;SameDays;;1
504;SameDays;;1
503;WorkDay(48);;1
504;WorkDay(48);;1
505;SameDays;;1
506;SameDays;;1
505;WorkDay(48);;1
506;WorkDay(48);;1
92;SameDays;;1
93;SameDays;;1
94;SameDays;;1
92;WorkDay(72);;1
93;WorkDay(72);;1
94;WorkDay(72);;1
384;SameDays;VERDADERO;
385;SameDays;VERDADERO;
384;WorkDay(48);VERDADERO;
385;WorkDay(48);VERDADERO;
287;SameDays;;1
288;SameDays;;1
287;WorkDay(48);;1
288;WorkDay(48);;1
6;NotOverlap;VERDADERO;
7;NotOverlap;VERDADERO;
8;NotOverlap;VERDADERO;
9;NotOverlap;VERDADERO;
10;NotOverlap;VERDADERO;
11;NotOverlap;VERDADERO;
12;NotOverlap;VERDADERO;
13;NotOverlap;VERDADERO;
64;NotOverlap;VERDADERO;
65;NotOverlap;VERDADERO;
66;NotOverlap;VERDADERO;
67;NotOverlap;VERDADERO;
68;NotOverlap;VERDADERO;
69;NotOverlap;VERDADERO;
70;NotOverlap;VERDADERO;
71;NotOverlap;VERDADERO;
72;NotOverlap;VERDADERO;
73;NotOverlap;VERDADERO;
74;NotOverlap;VERDADERO;
155;NotOverlap;VERDADERO;
156;NotOverlap;VERDADERO;
157;NotOverlap;VERDADERO;
158;NotOverlap;VERDADERO;
173;NotOverlap;VERDADERO;
174;NotOverlap;VERDADERO;
175;NotOverlap;VERDADERO;
176;NotOverlap;VERDADERO;
229;NotOverlap;VERDADERO;
263;NotOverlap;VERDADERO;
267;NotOverlap;VERDADERO;
382;NotOverlap;VERDADERO;
254;NotOverlap;VERDADERO;
307;NotOverlap;VERDADERO;
308;NotOverlap;VERDADERO;
309;NotOverlap;VERDADERO;
310;NotOverlap;VERDADERO;
311;NotOverlap;VERDADERO;
312;NotOverlap;VERDADERO;
313;NotOverlap;VERDADERO;
314;NotOverlap;VERDADERO;
315;NotOverlap;VERDADERO;
316;NotOverlap;VERDADERO;
317;NotOverlap;VERDADERO;
318;NotOverlap;VERDADERO;
319;NotOverlap;VERDADERO;
465;NotOverlap;VERDADERO;
307;NotOverlap;VERDADERO;
465;NotOverlap;VERDADERO;
308;NotOverlap;VERDADERO;
465;NotOverlap;VERDADERO;
309;NotOverlap;VERDADERO;
465;NotOverlap;VERDADERO;
310;NotOverlap;VERDADERO;
465;NotOverlap;VERDADERO;
311;NotOverlap;VERDADERO;
465;NotOverlap;VERDADERO;
312;NotOverlap;VERDADERO;
465;NotOverlap;VERDADERO;
313;NotOverlap;VERDADERO;
465;NotOverlap;VERDADERO;
314;NotOverlap;VERDADERO;
465;NotOverlap;VERDADERO;
315;NotOverlap;VERDADERO;
465;NotOverlap;VERDADERO;
316;NotOverlap;VERDADERO;
465;NotOverlap;VERDADERO;
317;NotOverlap;VERDADERO;
465;NotOverlap;VERDADERO;
318;NotOverlap;VERDADERO;
465;NotOverlap;VERDADERO;
319;NotOverlap;VERDADERO;
478;NotOverlap;;4
479;NotOverlap;;4
480;NotOverlap;;4
481;NotOverlap;;4
482;NotOverlap;;4
483;NotOverlap;;4
484;NotOverlap;;4
485;NotOverlap;;4
45;NotOverlap;VERDADERO;
46;NotOverlap;VERDADERO;
356;NotOverlap;VERDADERO;
465;NotOverlap;VERDADERO;
306;NotOverlap;VERDADERO;
25;NotOverlap;VERDADERO;
240;NotOverlap;VERDADERO;
14;NotOverlap;VERDADERO;
24;NotOverlap;VERDADERO;
91;NotOverlap;VERDADERO;
520;NotOverlap;VERDADERO;
90;NotOverlap;VERDADERO;
239;MaxDayLoad(60);VERDADERO;
365;MaxDayLoad(60);VERDADERO;
401;MaxDayLoad(60);VERDADERO;
54;Precedence;VERDADERO;
55;Precedence;VERDADERO;
54;Precedence;VERDADERO;
56;Precedence;VERDADERO;
54;Precedence;VERDADERO;
57;Precedence;VERDADERO;
54;Precedence;VERDADERO;
58;Precedence;VERDADERO;
54;Precedence;VERDADERO;
59;Precedence;VERDADERO;
54;Precedence;VERDADERO;
60;Precedence;VERDADERO;
54;Precedence;VERDADERO;
61;Precedence;VERDADERO;
54;Precedence;VERDADERO;
62;Precedence;VERDADERO;
78;Precedence;VERDADERO;
79;Precedence;VERDADERO;
80;Precedence;;4
81;Precedence;;4
80;Precedence;;4
82;Precedence;;4
80;Precedence;;4
83;Precedence;;4
80;Precedence;;4
84;Precedence;;4
80;Precedence;;4
85;Precedence;;4
80;Precedence;;4
86;Precedence;;4
80;Precedence;;4
87;Precedence;;4
80;Precedence;;4
88;Precedence;;4
80;Precedence;;4
89;Precedence;;4
80;Precedence;;4
90;Precedence;;4
80;Precedence;;4
91;Precedence;;4
80;Precedence;;4
92;Precedence;;4
80;Precedence;;4
93;Precedence;;4
80;Precedence;;4
94;Precedence;;4
80;Precedence;;4
95;Precedence;;4
80;Precedence;;4
96;Precedence;;4
80;Precedence;;4
97;Precedence;;4
80;Precedence;;4
98;Precedence;;4
80;Precedence;;4
99;Precedence;;4
80;Precedence;;4
100;Precedence;;4
80;Precedence;;4
101;Precedence;;4
80;Precedence;;4
102;Precedence;;4
80;Precedence;;4
103;Precedence;;4
80;Precedence;;4
104;Precedence;;4
80;Precedence;;4
105;Precedence;;4
80;Precedence;;4
106;Precedence;;4
80;Precedence;;4
107;Precedence;;4
80;Precedence;;4
108;Precedence;;4
80;Precedence;;4
109;Precedence;;4
241;Precedence;VERDADERO;
262;Precedence;VERDADERO;
242;Precedence;;4
243;Precedence;;4
242;Precedence;;4
244;Precedence;;4
242;Precedence;;4
245;Precedence;;4
267;Precedence;VERDADERO;
268;Precedence;VERDADERO;
267;Precedence;VERDADERO;
269;Precedence;VERDADERO;
267;Precedence;VERDADERO;
270;Precedence;VERDADERO;
247;Precedence;VERDADERO;
248;Precedence;VERDADERO;
247;Precedence;VERDADERO;
249;Precedence;VERDADERO;
247;Precedence;VERDADERO;
250;Precedence;VERDADERO;
247;Precedence;VERDADERO;
251;Precedence;VERDADERO;
247;Precedence;VERDADERO;
252;Precedence;VERDADERO;
247;Precedence;VERDADERO;
253;Precedence;VERDADERO;
298;Precedence;VERDADERO;
299;Precedence;VERDADERO;
298;Precedence;VERDADERO;
300;Precedence;VERDADERO;
298;Precedence;VERDADERO;
301;Precedence;VERDADERO;
306;Precedence;VERDADERO;
307;Precedence;VERDADERO;
306;Precedence;VERDADERO;
308;Precedence;VERDADERO;
306;Precedence;VERDADERO;
309;Precedence;VERDADERO;
306;Precedence;VERDADERO;
310;Precedence;VERDADERO;
306;Precedence;VERDADERO;
311;Precedence;VERDADERO;
306;Precedence;VERDADERO;
312;Precedence;VERDADERO;
306;Precedence;VERDADERO;
313;Precedence;VERDADERO;
306;Precedence;VERDADERO;
314;Precedence;VERDADERO;
306;Precedence;VERDADERO;
315;Precedence;VERDADERO;
306;Precedence;VERDADERO;
316;Precedence;VERDADERO;
306;Precedence;VERDADERO;
317;Precedence;VERDADERO;
306;Precedence;VERDADERO;
318;Precedence;VERDADERO;
306;Precedence;VERDADERO;
319;Precedence;VERDADERO;
320;Precedence;VERDADERO;
321;Precedence;VERDADERO;
320;Precedence;VERDADERO;
322;Precedence;VERDADERO;
320;Precedence;VERDADERO;
323;Precedence;VERDADERO;
320;Precedence;VERDADERO;
324;Precedence;VERDADERO;
320;Precedence;VERDADERO;
325;Precedence;VERDADERO;
327;Precedence;;1
329;Precedence;;1
328;Precedence;;1
330;Precedence;;1
327;Precedence;;1
331;Precedence;;1
328;Precedence;;1
332;Precedence;;1
327;Precedence;;1
333;Precedence;;1
328;Precedence;;1
334;Precedence;;1
327;Precedence;;1
335;Precedence;;1
328;Precedence;;1
336;Precedence;;1
327;Precedence;;1
337;Precedence;;1
328;Precedence;;1
338;Precedence;;1
327;Precedence;;1
339;Precedence;;1
328;Precedence;;1
340;Precedence;;1
327;Precedence;;1
341;Precedence;;1
328;Precedence;;1
342;Precedence;;1
327;Precedence;;1
343;Precedence;;1
328;Precedence;;1
344;Precedence;;1
327;Precedence;;1
345;Precedence;;1
328;Precedence;;1
346;Precedence;;1
327;Precedence;;1
347;Precedence;;1
328;Precedence;;1
348;Precedence;;1
327;Precedence;;1
349;Precedence;;1
328;Precedence;;1
350;Precedence;;1
327;Precedence;;1
351;Precedence;;1
328;Precedence;;1
352;Precedence;;1
327;Precedence;;1
353;Precedence;;1
328;Precedence;;1
354;Precedence;;1
413;Precedence;VERDADERO;
414;Precedence;VERDADERO;
413;Precedence;VERDADERO;
415;Precedence;VERDADERO;
413;Precedence;VERDADERO;
416;Precedence;VERDADERO;
413;Precedence;VERDADERO;
417;Precedence;VERDADERO;
467;Precedence;;4
468;Precedence;;4
467;Precedence;;4
469;Precedence;;4
397;Precedence;VERDADERO;
398;Precedence;VERDADERO;
397;Precedence;VERDADERO;
399;Precedence;VERDADERO;
110;Precedence;;4
111;Precedence;;4
110;Precedence;;4
112;Precedence;;4
110;Precedence;;4
113;Precedence;;4
110;Precedence;;4
114;Precedence;;4
110;Precedence;;4
115;Precedence;;4
110;Precedence;;4
116;Precedence;;4
320;Precedence;VERDADERO;
326;Precedence;VERDADERO;
326;Precedence;;4
321;Precedence;;4
326;Precedence;;4
322;Precedence;;4
326;Precedence;;4
323;Precedence;;4
326;Precedence;;4
324;Precedence;;4
326;Precedence;;4
325;Precedence;;4
118;Precedence;VERDADERO;
119;Precedence;VERDADERO;
118;Precedence;VERDADERO;
120;Precedence;VERDADERO;
263;Precedence;VERDADERO;
264;Precedence;VERDADERO;
263;Precedence;VERDADERO;
265;Precedence;VERDADERO;
263;Precedence;VERDADERO;
266;Precedence;VERDADERO;
461;Precedence;;4
462;Precedence;;4
460;Precedence;;4
159;DifferentDays;VERDADERO;
27;DifferentDays;VERDADERO;
388;DifferentDays;;4
148;DifferentDays;;4
364;DifferentDays;VERDADERO;
305;DifferentDays;VERDADERO;
299;DifferentDays;VERDADERO;
301;DifferentDays;VERDADERO;
307;SameDays;;1
309;SameDays;;1
308;SameDays;;1
310;SameDays;;1
311;SameDays;;1
313;SameDays;;1
312;SameDays;;1
314;SameDays;;1
321;DifferentDays;;4
322;DifferentDays;;4
323;DifferentDays;;4
324;DifferentDays;;4
375;SameDays;;4
386;SameDays;;4
509;SameDays;VERDADERO;
510;SameDays;VERDADERO;
409;SameDays;VERDADERO;
410;SameDays;VERDADERO;
411;SameDays;VERDADERO;
412;SameDays;VERDADERO;
10;DifferentDays;;1
58;DifferentDays;;1
68;DifferentDays;;1
31;SameDays;;1
32;SameDays;;1
398;SameDays;;1
399;SameDays;;1
101;SameDays;;1
399;SameDays;;1
90;SameDays;VERDADERO;
91;SameDays;VERDADERO;
460;SameDays;VERDADERO;
461;SameDays;VERDADERO;
462;SameDays;VERDADERO;
6;SameDays;VERDADERO;
7;SameDays;VERDADERO;
6;SameTime;VERDADERO;
7;SameTime;VERDADERO;
6;SameRoom;VERDADERO;
7;SameRoom;VERDADERO;
8;SameDays;VERDADERO;
9;SameDays;VERDADERO;
8;SameTime;VERDADERO;
9;SameTime;VERDADERO;
8;SameRoom;VERDADERO;
9;SameRoom;VERDADERO;
10;SameDays;VERDADERO;
11;SameDays;VERDADERO;
10;SameTime;VERDADERO;
11;SameTime;VERDADERO;
10;SameRoom;VERDADERO;
11;SameRoom;VERDADERO;
12;SameDays;VERDADERO;
13;SameDays;VERDADERO;
12;SameTime;VERDADERO;
13;SameTime;VERDADERO;
12;SameRoom;VERDADERO;
13;SameRoom;VERDADERO;
155;SameDays;VERDADERO;
156;SameDays;VERDADERO;
155;SameTime;VERDADERO;
156;SameTime;VERDADERO;
155;SameRoom;VERDADERO;
156;SameRoom;VERDADERO;
157;SameDays;VERDADERO;
158;SameDays;VERDADERO;
157;SameTime;VERDADERO;
158;SameTime;VERDADERO;
157;SameRoom;VERDADERO;
158;SameRoom;VERDADERO;
160;SameDays;VERDADERO;
161;SameDays;VERDADERO;
160;SameTime;VERDADERO;
161;SameTime;VERDADERO;
160;SameRoom;VERDADERO;
161;SameRoom;VERDADERO;
162;SameDays;VERDADERO;
163;SameDays;VERDADERO;
162;SameTime;VERDADERO;
163;SameTime;VERDADERO;
162;SameRoom;VERDADERO;
163;SameRoom;VERDADERO;
164;SameDays;VERDADERO;
165;SameDays;VERDADERO;
164;SameTime;VERDADERO;
165;SameTime;VERDADERO;
164;SameRoom;VERDADERO;
165;SameRoom;VERDADERO;
166;SameDays;VERDADERO;
167;SameDays;VERDADERO;
166;SameTime;VERDADERO;
167;SameTime;VERDADERO;
166;SameRoom;VERDADERO;
167;SameRoom;VERDADERO;
173;SameDays;VERDADERO;
174;SameDays;VERDADERO;
173;SameTime;VERDADERO;
174;SameTime;VERDADERO;
173;SameRoom;VERDADERO;
174;SameRoom;VERDADERO;
175;SameDays;VERDADERO;
176;SameDays;VERDADERO;
175;SameTime;VERDADERO;
176;SameTime;VERDADERO;
175;SameRoom;VERDADERO;
176;SameRoom;VERDADERO;
243;SameDays;VERDADERO;
244;SameDays;VERDADERO;
243;SameTime;VERDADERO;
244;SameTime;VERDADERO;
243;SameRoom;VERDADERO;
244;SameRoom;VERDADERO;
307;SameDays;VERDADERO;
308;SameDays;VERDADERO;
307;SameTime;VERDADERO;
308;SameTime;VERDADERO;
307;SameRoom;VERDADERO;
308;SameRoom;VERDADERO;
309;SameDays;VERDADERO;
310;SameDays;VERDADERO;
309;SameTime;VERDADERO;
310;SameTime;VERDADERO;
309;SameRoom;VERDADERO;
310;SameRoom;VERDADERO;
311;SameDays;VERDADERO;
312;SameDays;VERDADERO;
311;SameTime;VERDADERO;
312;SameTime;VERDADERO;
311;SameRoom;VERDADERO;
312;SameRoom;VERDADERO;
313;SameDays;VERDADERO;
314;SameDays;VERDADERO;
313;SameTime;VERDADERO;
314;SameTime;VERDADERO;
313;SameRoom;VERDADERO;
314;SameRoom;VERDADERO;
315;SameDays;VERDADERO;
316;SameDays;VERDADERO;
315;SameTime;VERDADERO;
316;SameTime;VERDADERO;
315;SameRoom;VERDADERO;
316;SameRoom;VERDADERO;
317;SameDays;VERDADERO;
318;SameDays;VERDADERO;
317;SameTime;VERDADERO;
318;SameTime;VERDADERO;
317;SameRoom;VERDADERO;
318;SameRoom;VERDADERO;
414;SameDays;VERDADERO;
415;SameDays;VERDADERO;
414;SameTime;VERDADERO;
415;SameTime;VERDADERO;
414;SameRoom;VERDADERO;
415;SameRoom;VERDADERO;
416;SameDays;VERDADERO;
417;SameDays;VERDADERO;
416;SameTime;VERDADERO;
417;SameTime;VERDADERO;
416;SameRoom;VERDADERO;
417;SameRoom;VERDADERO;
478;SameDays;VERDADERO;
479;SameDays;VERDADERO;
478;SameTime;VERDADERO;
479;SameTime;VERDADERO;
478;SameRoom;VERDADERO;
479;SameRoom;VERDADERO;
480;SameDays;VERDADERO;
481;SameDays;VERDADERO;
480;SameTime;VERDADERO;
481;SameTime;VERDADERO;
480;SameRoom;VERDADERO;
481;SameRoom;VERDADERO;
482;SameDays;VERDADERO;
483;SameDays;VERDADERO;
482;SameTime;VERDADERO;
483;SameTime;VERDADERO;
482;SameRoom;VERDADERO;
483;SameRoom;VERDADERO;
484;SameDays;VERDADERO;
485;SameDays;VERDADERO;
484;SameTime;VERDADERO;
485;SameTime;VERDADERO;
484;SameRoom;VERDADERO;
485;SameRoom;VERDADERO;
76;SameDays;VERDADERO;
77;SameDays;VERDADERO;
76;SameTime;VERDADERO;
77;SameTime;VERDADERO;
76;SameRoom;VERDADERO;
77;SameRoom;VERDADERO;
370;SameDays;VERDADERO;
371;SameDays;VERDADERO;
370;SameTime;VERDADERO;
371;SameTime;VERDADERO;
370;SameRoom;VERDADERO;
371;SameRoom;VERDADERO;
426;SameRoom;VERDADERO;
429;SameRoom;VERDADERO;
432;SameRoom;VERDADERO;
435;SameRoom;VERDADERO;
438;SameRoom;VERDADERO;
441;SameRoom;VERDADERO;
427;SameRoom;VERDADERO;
430;SameRoom;VERDADERO;
433;SameRoom;VERDADERO;
436;SameRoom;VERDADERO;
439;SameRoom;VERDADERO;
442;SameRoom;VERDADERO;
428;SameRoom;VERDADERO;
431;SameRoom;VERDADERO;
434;SameRoom;VERDADERO;
437;SameRoom;VERDADERO;
440;SameRoom;VERDADERO;
443;SameRoom;VERDADERO;
409;WorkDay(120);VERDADERO;
410;WorkDay(120);VERDADERO;
411;WorkDay(120);VERDADERO;
412;WorkDay(120);VERDADERO;
216;SameDays;VERDADERO;
179;SameDays;VERDADERO;
216;SameTime;VERDADERO;
179;SameTime;VERDADERO;
217;Precedence;VERDADERO;
215;Precedence;VERDADERO;
218;Precedence;VERDADERO;
215;Precedence;VERDADERO;
219;Precedence;VERDADERO;
215;Precedence;VERDADERO;
215;DifferentDays;VERDADERO;
216;DifferentDays;VERDADERO;
220;DifferentDays;VERDADERO;
221;DifferentDays;VERDADERO;
223;DifferentDays;VERDADERO;
224;DifferentDays;VERDADERO;
223;DifferentDays;VERDADERO;
225;DifferentDays;VERDADERO;
152;DifferentDays;;1
153;DifferentDays;;1
454;MaxDayLoad(96);;1
303;MaxDayLoad(96);;1
475;MaxDayLoad(96);;1
337;MaxDayLoad(96);;1
338;MaxDayLoad(96);;1
336;MaxDayLoad(96);;1
504;WorkDay(120);VERDADERO;
503;WorkDay(120);VERDADERO;
507;WorkDay(120);VERDADERO;
505;WorkDay(120);VERDADERO;
508;WorkDay(120);VERDADERO;
506;WorkDay(120);VERDADERO;
533;WorkDay(120);VERDADERO;
534;WorkDay(120);VERDADERO;
113;SameDays;;1
115;SameDays;;1
114;SameDays;;1
113;WorkDay(72);;1
115;WorkDay(72);;1
114;WorkDay(72);;1
512;SameDays;VERDADERO;
489;SameDays;VERDADERO;
488;SameDays;VERDADERO;
471;MaxDayLoad(72);VERDADERO;
385;MaxDayLoad(72);VERDADERO;
384;MaxDayLoad(72);VERDADERO;
471;WorkDay(108);VERDADERO;
385;WorkDay(108);VERDADERO;
384;WorkDay(108);VERDADERO;
228;WorkDay(120);VERDADERO;
356;WorkDay(120);VERDADERO;
368;WorkDay(120);VERDADERO;
234;WorkDay(120);VERDADERO;
246;WorkDay(120);VERDADERO;
22;WorkDay(120);VERDADERO;
6;SameAttendees;VERDADERO;
5;SameAttendees;VERDADERO;
7;SameAttendees;VERDADERO;
5;SameAttendees;VERDADERO;
8;SameAttendees;VERDADERO;
5;SameAttendees;VERDADERO;
9;SameAttendees;VERDADERO;
5;SameAttendees;VERDADERO;
10;SameAttendees;VERDADERO;
5;SameAttendees;VERDADERO;
11;SameAttendees;VERDADERO;
5;SameAttendees;VERDADERO;
12;SameAttendees;VERDADERO;
5;SameAttendees;VERDADERO;
13;SameAttendees;VERDADERO;
5;SameAttendees;VERDADERO;
15;SameAttendees;VERDADERO;
14;SameAttendees;VERDADERO;
16;SameAttendees;VERDADERO;
14;SameAttendees;VERDADERO;
17;SameAttendees;VERDADERO;
14;SameAttendees;VERDADERO;
28;SameAttendees;VERDADERO;
27;SameAttendees;VERDADERO;
29;SameAttendees;VERDADERO;
27;SameAttendees;VERDADERO;
30;SameAttendees;VERDADERO;
27;SameAttendees;VERDADERO;
31;SameAttendees;VERDADERO;
27;SameAttendees;VERDADERO;
32;SameAttendees;VERDADERO;
27;SameAttendees;VERDADERO;
33;SameAttendees;VERDADERO;
27;SameAttendees;VERDADERO;
34;SameAttendees;VERDADERO;
27;SameAttendees;VERDADERO;
35;SameAttendees;VERDADERO;
27;SameAttendees;VERDADERO;
36;SameAttendees;VERDADERO;
27;SameAttendees;VERDADERO;
37;SameAttendees;VERDADERO;
27;SameAttendees;VERDADERO;
38;SameAttendees;VERDADERO;
27;SameAttendees;VERDADERO;
39;SameAttendees;VERDADERO;
27;SameAttendees;VERDADERO;
40;SameAttendees;VERDADERO;
27;SameAttendees;VERDADERO;
41;SameAttendees;VERDADERO;
27;SameAttendees;VERDADERO;
42;SameAttendees;VERDADERO;
27;SameAttendees;VERDADERO;
43;SameAttendees;VERDADERO;
27;SameAttendees;VERDADERO;
44;SameAttendees;VERDADERO;
27;SameAttendees;VERDADERO;
45;SameAttendees;VERDADERO;
27;SameAttendees;VERDADERO;
46;SameAttendees;VERDADERO;
27;SameAttendees;VERDADERO;
47;SameAttendees;VERDADERO;
27;SameAttendees;VERDADERO;
48;SameAttendees;VERDADERO;
27;SameAttendees;VERDADERO;
49;SameAttendees;VERDADERO;
27;SameAttendees;VERDADERO;
50;SameAttendees;VERDADERO;
27;SameAttendees;VERDADERO;
51;SameAttendees;VERDADERO;
27;SameAttendees;VERDADERO;
52;SameAttendees;VERDADERO;
27;SameAttendees;VERDADERO;
53;SameAttendees;VERDADERO;
27;SameAttendees;VERDADERO;
55;SameAttendees;VERDADERO;
54;SameAttendees;VERDADERO;
56;SameAttendees;VERDADERO;
54;SameAttendees;VERDADERO;
57;SameAttendees;VERDADERO;
54;SameAttendees;VERDADERO;
58;SameAttendees;VERDADERO;
54;SameAttendees;VERDADERO;
59;SameAttendees;VERDADERO;
54;SameAttendees;VERDADERO;
60;SameAttendees;VERDADERO;
54;SameAttendees;VERDADERO;
61;SameAttendees;VERDADERO;
54;SameAttendees;VERDADERO;
62;SameAttendees;VERDADERO;
54;SameAttendees;VERDADERO;
64;SameAttendees;VERDADERO;
63;SameAttendees;VERDADERO;
65;SameAttendees;VERDADERO;
63;SameAttendees;VERDADERO;
66;SameAttendees;VERDADERO;
63;SameAttendees;VERDADERO;
67;SameAttendees;VERDADERO;
63;SameAttendees;VERDADERO;
68;SameAttendees;VERDADERO;
63;SameAttendees;VERDADERO;
69;SameAttendees;VERDADERO;
63;SameAttendees;VERDADERO;
70;SameAttendees;VERDADERO;
63;SameAttendees;VERDADERO;
71;SameAttendees;VERDADERO;
63;SameAttendees;VERDADERO;
72;SameAttendees;VERDADERO;
63;SameAttendees;VERDADERO;
73;SameAttendees;VERDADERO;
63;SameAttendees;VERDADERO;
74;SameAttendees;VERDADERO;
63;SameAttendees;VERDADERO;
76;SameAttendees;VERDADERO;
75;SameAttendees;VERDADERO;
77;SameAttendees;VERDADERO;
75;SameAttendees;VERDADERO;
78;SameAttendees;VERDADERO;
79;SameAttendees;VERDADERO;
81;SameAttendees;VERDADERO;
80;SameAttendees;VERDADERO;
82;SameAttendees;VERDADERO;
80;SameAttendees;VERDADERO;
83;SameAttendees;VERDADERO;
80;SameAttendees;VERDADERO;
84;SameAttendees;VERDADERO;
80;SameAttendees;VERDADERO;
85;SameAttendees;VERDADERO;
80;SameAttendees;VERDADERO;
86;SameAttendees;VERDADERO;
80;SameAttendees;VERDADERO;
87;SameAttendees;VERDADERO;
80;SameAttendees;VERDADERO;
88;SameAttendees;VERDADERO;
80;SameAttendees;VERDADERO;
89;SameAttendees;VERDADERO;
80;SameAttendees;VERDADERO;
90;SameAttendees;VERDADERO;
80;SameAttendees;VERDADERO;
91;SameAttendees;VERDADERO;
80;SameAttendees;VERDADERO;
92;SameAttendees;VERDADERO;
80;SameAttendees;VERDADERO;
93;SameAttendees;VERDADERO;
80;SameAttendees;VERDADERO;
94;SameAttendees;VERDADERO;
80;SameAttendees;VERDADERO;
95;SameAttendees;VERDADERO;
80;SameAttendees;VERDADERO;
96;SameAttendees;VERDADERO;
80;SameAttendees;VERDADERO;
97;SameAttendees;VERDADERO;
80;SameAttendees;VERDADERO;
98;SameAttendees;VERDADERO;
80;SameAttendees;VERDADERO;
99;SameAttendees;VERDADERO;
80;SameAttendees;VERDADERO;
100;SameAttendees;VERDADERO;
80;SameAttendees;VERDADERO;
101;SameAttendees;VERDADERO;
80;SameAttendees;VERDADERO;
102;SameAttendees;VERDADERO;
80;SameAttendees;VERDADERO;
103;SameAttendees;VERDADERO;
80;SameAttendees;VERDADERO;
104;SameAttendees;VERDADERO;
80;SameAttendees;VERDADERO;
105;SameAttendees;VERDADERO;
80;SameAttendees;VERDADERO;
106;SameAttendees;VERDADERO;
80;SameAttendees;VERDADERO;
107;SameAttendees;VERDADERO;
80;SameAttendees;VERDADERO;
108;SameAttendees;VERDADERO;
80;SameAttendees;VERDADERO;
109;SameAttendees;VERDADERO;
80;SameAttendees;VERDADERO;
111;SameAttendees;VERDADERO;
110;SameAttendees;VERDADERO;
112;SameAttendees;VERDADERO;
110;SameAttendees;VERDADERO;
113;SameAttendees;VERDADERO;
110;SameAttendees;VERDADERO;
114;SameAttendees;VERDADERO;
110;SameAttendees;VERDADERO;
115;SameAttendees;VERDADERO;
110;SameAttendees;VERDADERO;
116;SameAttendees;VERDADERO;
110;SameAttendees;VERDADERO;
119;SameAttendees;VERDADERO;
118;SameAttendees;VERDADERO;
120;SameAttendees;VERDADERO;
118;SameAttendees;VERDADERO;
130;SameAttendees;VERDADERO;
129;SameAttendees;VERDADERO;
131;SameAttendees;VERDADERO;
129;SameAttendees;VERDADERO;
144;SameAttendees;VERDADERO;
143;SameAttendees;VERDADERO;
142;SameAttendees;VERDADERO;
141;SameAttendees;VERDADERO;
140;SameAttendees;VERDADERO;
139;SameAttendees;VERDADERO;
138;SameAttendees;VERDADERO;
137;SameAttendees;VERDADERO;
136;SameAttendees;VERDADERO;
146;SameAttendees;VERDADERO;
145;SameAttendees;VERDADERO;
149;SameAttendees;VERDADERO;
148;SameAttendees;VERDADERO;
150;SameAttendees;VERDADERO;
148;SameAttendees;VERDADERO;
151;SameAttendees;VERDADERO;
148;SameAttendees;VERDADERO;
155;SameAttendees;VERDADERO;
154;SameAttendees;VERDADERO;
156;SameAttendees;VERDADERO;
154;SameAttendees;VERDADERO;
157;SameAttendees;VERDADERO;
154;SameAttendees;VERDADERO;
158;SameAttendees;VERDADERO;
154;SameAttendees;VERDADERO;
160;SameAttendees;VERDADERO;
159;SameAttendees;VERDADERO;
161;SameAttendees;VERDADERO;
159;SameAttendees;VERDADERO;
162;SameAttendees;VERDADERO;
159;SameAttendees;VERDADERO;
163;SameAttendees;VERDADERO;
159;SameAttendees;VERDADERO;
164;SameAttendees;VERDADERO;
159;SameAttendees;VERDADERO;
165;SameAttendees;VERDADERO;
159;SameAttendees;VERDADERO;
166;SameAttendees;VERDADERO;
159;SameAttendees;VERDADERO;
167;SameAttendees;VERDADERO;
159;SameAttendees;VERDADERO;
170;SameAttendees;VERDADERO;
168;SameAttendees;VERDADERO;
171;SameAttendees;VERDADERO;
168;SameAttendees;VERDADERO;
173;SameAttendees;VERDADERO;
172;SameAttendees;VERDADERO;
174;SameAttendees;VERDADERO;
172;SameAttendees;VERDADERO;
175;SameAttendees;VERDADERO;
172;SameAttendees;VERDADERO;
176;SameAttendees;VERDADERO;
172;SameAttendees;VERDADERO;
180;SameAttendees;VERDADERO;
179;SameAttendees;VERDADERO;
181;SameAttendees;VERDADERO;
179;SameAttendees;VERDADERO;
182;SameAttendees;VERDADERO;
179;SameAttendees;VERDADERO;
183;SameAttendees;VERDADERO;
179;SameAttendees;VERDADERO;
184;SameAttendees;VERDADERO;
179;SameAttendees;VERDADERO;
185;SameAttendees;VERDADERO;
179;SameAttendees;VERDADERO;
186;SameAttendees;VERDADERO;
179;SameAttendees;VERDADERO;
187;SameAttendees;VERDADERO;
179;SameAttendees;VERDADERO;
188;SameAttendees;VERDADERO;
179;SameAttendees;VERDADERO;
189;SameAttendees;VERDADERO;
179;SameAttendees;VERDADERO;
190;SameAttendees;VERDADERO;
179;SameAttendees;VERDADERO;
191;SameAttendees;VERDADERO;
179;SameAttendees;VERDADERO;
192;SameAttendees;VERDADERO;
179;SameAttendees;VERDADERO;
193;SameAttendees;VERDADERO;
179;SameAttendees;VERDADERO;
194;SameAttendees;VERDADERO;
179;SameAttendees;VERDADERO;
196;SameAttendees;VERDADERO;
195;SameAttendees;VERDADERO;
197;SameAttendees;VERDADERO;
195;SameAttendees;VERDADERO;
198;SameAttendees;VERDADERO;
195;SameAttendees;VERDADERO;
199;SameAttendees;VERDADERO;
195;SameAttendees;VERDADERO;
200;SameAttendees;VERDADERO;
195;SameAttendees;VERDADERO;
201;SameAttendees;VERDADERO;
195;SameAttendees;VERDADERO;
203;SameAttendees;VERDADERO;
202;SameAttendees;VERDADERO;
204;SameAttendees;VERDADERO;
202;SameAttendees;VERDADERO;
205;SameAttendees;VERDADERO;
202;SameAttendees;VERDADERO;
206;SameAttendees;VERDADERO;
202;SameAttendees;VERDADERO;
207;SameAttendees;VERDADERO;
202;SameAttendees;VERDADERO;
208;SameAttendees;VERDADERO;
202;SameAttendees;VERDADERO;
209;SameAttendees;VERDADERO;
202;SameAttendees;VERDADERO;
210;SameAttendees;VERDADERO;
202;SameAttendees;VERDADERO;
211;SameAttendees;VERDADERO;
202;SameAttendees;VERDADERO;
212;SameAttendees;VERDADERO;
202;SameAttendees;VERDADERO;
213;SameAttendees;VERDADERO;
202;SameAttendees;VERDADERO;
214;SameAttendees;VERDADERO;
202;SameAttendees;VERDADERO;
217;SameAttendees;VERDADERO;
216;SameAttendees;VERDADERO;
215;SameAttendees;VERDADERO;
218;SameAttendees;VERDADERO;
216;SameAttendees;VERDADERO;
215;SameAttendees;VERDADERO;
219;SameAttendees;VERDADERO;
216;SameAttendees;VERDADERO;
215;SameAttendees;VERDADERO;
222;SameAttendees;VERDADERO;
221;SameAttendees;VERDADERO;
220;SameAttendees;VERDADERO;
224;SameAttendees;VERDADERO;
223;SameAttendees;VERDADERO;
225;SameAttendees;VERDADERO;
223;SameAttendees;VERDADERO;
235;SameAttendees;VERDADERO;
234;SameAttendees;VERDADERO;
236;SameAttendees;VERDADERO;
234;SameAttendees;VERDADERO;
237;SameAttendees;VERDADERO;
234;SameAttendees;VERDADERO;
238;SameAttendees;VERDADERO;
234;SameAttendees;VERDADERO;
243;SameAttendees;VERDADERO;
242;SameAttendees;VERDADERO;
244;SameAttendees;VERDADERO;
242;SameAttendees;VERDADERO;
245;SameAttendees;VERDADERO;
242;SameAttendees;VERDADERO;
248;SameAttendees;VERDADERO;
247;SameAttendees;VERDADERO;
249;SameAttendees;VERDADERO;
247;SameAttendees;VERDADERO;
253;SameAttendees;VERDADERO;
247;SameAttendees;VERDADERO;
256;SameAttendees;VERDADERO;
257;SameAttendees;VERDADERO;
264;SameAttendees;VERDADERO;
263;SameAttendees;VERDADERO;
265;SameAttendees;VERDADERO;
263;SameAttendees;VERDADERO;
266;SameAttendees;VERDADERO;
263;SameAttendees;VERDADERO;
268;SameAttendees;VERDADERO;
267;SameAttendees;VERDADERO;
269;SameAttendees;VERDADERO;
267;SameAttendees;VERDADERO;
270;SameAttendees;VERDADERO;
267;SameAttendees;VERDADERO;
279;SameAttendees;VERDADERO;
278;SameAttendees;VERDADERO;
280;SameAttendees;VERDADERO;
278;SameAttendees;VERDADERO;
281;SameAttendees;VERDADERO;
278;SameAttendees;VERDADERO;
282;SameAttendees;VERDADERO;
278;SameAttendees;VERDADERO;
283;SameAttendees;VERDADERO;
278;SameAttendees;VERDADERO;
284;SameAttendees;VERDADERO;
278;SameAttendees;VERDADERO;
285;SameAttendees;VERDADERO;
278;SameAttendees;VERDADERO;
286;SameAttendees;VERDADERO;
278;SameAttendees;VERDADERO;
287;SameAttendees;VERDADERO;
278;SameAttendees;VERDADERO;
288;SameAttendees;VERDADERO;
278;SameAttendees;VERDADERO;
289;SameAttendees;VERDADERO;
278;SameAttendees;VERDADERO;
290;SameAttendees;VERDADERO;
278;SameAttendees;VERDADERO;
291;SameAttendees;VERDADERO;
278;SameAttendees;VERDADERO;
292;SameAttendees;VERDADERO;
278;SameAttendees;VERDADERO;
293;SameAttendees;VERDADERO;
278;SameAttendees;VERDADERO;
294;SameAttendees;VERDADERO;
278;SameAttendees;VERDADERO;
295;SameAttendees;VERDADERO;
278;SameAttendees;VERDADERO;
296;SameAttendees;VERDADERO;
278;SameAttendees;VERDADERO;
299;SameAttendees;VERDADERO;
298;SameAttendees;VERDADERO;
300;SameAttendees;VERDADERO;
298;SameAttendees;VERDADERO;
301;SameAttendees;VERDADERO;
298;SameAttendees;VERDADERO;
307;SameAttendees;VERDADERO;
306;SameAttendees;VERDADERO;
308;SameAttendees;VERDADERO;
306;SameAttendees;VERDADERO;
309;SameAttendees;VERDADERO;
306;SameAttendees;VERDADERO;
310;SameAttendees;VERDADERO;
306;SameAttendees;VERDADERO;
311;SameAttendees;VERDADERO;
306;SameAttendees;VERDADERO;
312;SameAttendees;VERDADERO;
306;SameAttendees;VERDADERO;
313;SameAttendees;VERDADERO;
306;SameAttendees;VERDADERO;
314;SameAttendees;VERDADERO;
306;SameAttendees;VERDADERO;
315;SameAttendees;VERDADERO;
306;SameAttendees;VERDADERO;
316;SameAttendees;VERDADERO;
306;SameAttendees;VERDADERO;
317;SameAttendees;VERDADERO;
306;SameAttendees;VERDADERO;
318;SameAttendees;VERDADERO;
306;SameAttendees;VERDADERO;
319;SameAttendees;VERDADERO;
306;SameAttendees;VERDADERO;
320;SameAttendees;VERDADERO;
326;SameAttendees;VERDADERO;
321;SameAttendees;VERDADERO;
326;SameAttendees;VERDADERO;
320;SameAttendees;VERDADERO;
322;SameAttendees;VERDADERO;
326;SameAttendees;VERDADERO;
320;SameAttendees;VERDADERO;
323;SameAttendees;VERDADERO;
326;SameAttendees;VERDADERO;
320;SameAttendees;VERDADERO;
324;SameAttendees;VERDADERO;
326;SameAttendees;VERDADERO;
320;SameAttendees;VERDADERO;
325;SameAttendees;VERDADERO;
326;SameAttendees;VERDADERO;
320;SameAttendees;VERDADERO;
371;SameAttendees;VERDADERO;
370;SameAttendees;VERDADERO;
372;SameAttendees;VERDADERO;
370;SameAttendees;VERDADERO;
393;SameAttendees;VERDADERO;
392;SameAttendees;VERDADERO;
394;SameAttendees;VERDADERO;
392;SameAttendees;VERDADERO;
398;SameAttendees;VERDADERO;
397;SameAttendees;VERDADERO;
399;SameAttendees;VERDADERO;
397;SameAttendees;VERDADERO;
414;SameAttendees;VERDADERO;
413;SameAttendees;VERDADERO;
415;SameAttendees;VERDADERO;
413;SameAttendees;VERDADERO;
416;SameAttendees;VERDADERO;
413;SameAttendees;VERDADERO;
417;SameAttendees;VERDADERO;
413;SameAttendees;VERDADERO;
449;SameAttendees;VERDADERO;
448;SameAttendees;VERDADERO;
450;SameAttendees;VERDADERO;
448;SameAttendees;VERDADERO;
461;SameAttendees;VERDADERO;
460;SameAttendees;VERDADERO;
462;SameAttendees;VERDADERO;
460;SameAttendees;VERDADERO;
468;SameAttendees;VERDADERO;
467;SameAttendees;VERDADERO;
469;SameAttendees;VERDADERO;
467;SameAttendees;VERDADERO;
478;SameAttendees;VERDADERO;
477;SameAttendees;VERDADERO;
479;SameAttendees;VERDADERO;
477;SameAttendees;VERDADERO;
480;SameAttendees;VERDADERO;
477;SameAttendees;VERDADERO;
481;SameAttendees;VERDADERO;
477;SameAttendees;VERDADERO;
482;SameAttendees;VERDADERO;
477;SameAttendees;VERDADERO;
483;SameAttendees;VERDADERO;
477;SameAttendees;VERDADERO;
484;SameAttendees;VERDADERO;
477;SameAttendees;VERDADERO;
485;SameAttendees;VERDADERO;
477;SameAttendees;VERDADERO;
224;NotOverlap;;1
225;NotOverlap;;1
217;NotOverlap;;1
218;NotOverlap;;1
219;NotOverlap;;1
468;NotOverlap;;1
469;NotOverlap;;1
409;NotOverlap;;1
410;NotOverlap;;1
411;NotOverlap;;1
412;NotOverlap;;1
509;NotOverlap;;1
510;NotOverlap;;1
268;NotOverlap;;1
269;NotOverlap;;1
270;NotOverlap;;1
264;NotOverlap;;1
265;NotOverlap;;1
266;NotOverlap;;1
461;NotOverlap;;1
462;NotOverlap;;1
235;NotOverlap;;1
236;NotOverlap;;1
237;NotOverlap;;1
238;NotOverlap;;1
299;NotOverlap;;1
300;NotOverlap;;1
301;NotOverlap;;1
533;NotOverlap;;1
534;NotOverlap;;1
531;NotOverlap;;1
532;NotOverlap;;1
526;NotOverlap;;1
527;NotOverlap;;1
528;NotOverlap;;1
524;NotOverlap;;1
525;NotOverlap;;1
522;NotOverlap;;1
523;NotOverlap;;1
520;NotOverlap;;1
521;NotOverlap;;1
248;NotOverlap;;1
249;NotOverlap;;1
250;NotOverlap;;1
251;NotOverlap;;1
252;NotOverlap;;1
253;NotOverlap;;1
518;NotOverlap;;1
519;NotOverlap;;1
516;NotOverlap;;1
517;NotOverlap;;1
360;NotOverlap;;1
361;NotOverlap;;1
362;NotOverlap;;1
363;NotOverlap;;1
357;NotOverlap;;1
358;NotOverlap;;1
329;NotOverlap;;1
330;NotOverlap;;1
331;NotOverlap;;1
332;NotOverlap;;1
333;NotOverlap;;1
334;NotOverlap;;1
335;NotOverlap;;1
336;NotOverlap;;1
337;NotOverlap;;1
338;NotOverlap;;1
339;NotOverlap;;1
340;NotOverlap;;1
341;NotOverlap;;1
342;NotOverlap;;1
343;NotOverlap;;1
344;NotOverlap;;1
345;NotOverlap;;1
346;NotOverlap;;1
347;NotOverlap;;1
348;NotOverlap;;1
349;NotOverlap;;1
350;NotOverlap;;1
351;NotOverlap;;1
352;NotOverlap;;1
353;NotOverlap;;1
354;NotOverlap;;1
327;NotOverlap;;1
328;NotOverlap;;1
2;NotOverlap;;1
3;NotOverlap;;1
130;NotOverlap;;1
131;NotOverlap;;1
321;NotOverlap;;1
322;NotOverlap;;1
323;NotOverlap;;1
324;NotOverlap;;1
325;NotOverlap;;1
55;NotOverlap;;1
56;NotOverlap;;1
57;NotOverlap;;1
58;NotOverlap;;1
59;NotOverlap;;1
60;NotOverlap;;1
61;NotOverlap;;1
62;NotOverlap;;1
15;NotOverlap;;1
16;NotOverlap;;1
17;NotOverlap;;1
81;NotOverlap;;1
82;NotOverlap;;1
83;NotOverlap;;1
84;NotOverlap;;1
85;NotOverlap;;1
86;NotOverlap;;1
87;NotOverlap;;1
88;NotOverlap;;1
89;NotOverlap;;1
90;NotOverlap;;1
91;NotOverlap;;1
92;NotOverlap;;1
93;NotOverlap;;1
94;NotOverlap;;1
95;NotOverlap;;1
96;NotOverlap;;1
97;NotOverlap;;1
98;NotOverlap;;1
99;NotOverlap;;1
100;NotOverlap;;1
101;NotOverlap;;1
102;NotOverlap;;1
103;NotOverlap;;1
104;NotOverlap;;1
105;NotOverlap;;1
106;NotOverlap;;1
107;NotOverlap;;1
108;NotOverlap;;1
109;NotOverlap;;1
76;NotOverlap;;1
77;NotOverlap;;1
119;NotOverlap;;1
120;NotOverlap;;1
452;NotOverlap;;1
453;NotOverlap;;1
454;NotOverlap;;1
449;NotOverlap;;1
450;NotOverlap;;1
405;NotOverlap;;1
406;NotOverlap;;1
169;NotOverlap;;1
170;NotOverlap;;1
171;NotOverlap;;1
111;NotOverlap;;1
112;NotOverlap;;1
113;NotOverlap;;1
114;NotOverlap;;1
115;NotOverlap;;1
116;NotOverlap;;1
384;NotOverlap;;1
385;NotOverlap;;1
149;NotOverlap;;1
150;NotOverlap;;1
151;NotOverlap;;1
380;NotOverlap;;1
381;NotOverlap;;1
376;NotOverlap;;1
377;NotOverlap;;1
355;MaxBlock(20,9);VERDADERO;
242;MaxBlock(20,9);VERDADERO;
243;MaxBlock(20,9);VERDADERO;
244;MaxBlock(20,9);VERDADERO;
245;MaxBlock(20,9);VERDADERO;
239;MaxBlock(20,9);VERDADERO;
365;MaxBlock(20,9);VERDADERO;
401;MaxBlock(20,9);VERDADERO;
230;MaxBlock(48,10);VERDADERO;
125;MaxBlock(48,10);VERDADERO;
126;MaxBlock(48,10);VERDADERO;
127;MaxBlock(48,10);VERDADERO;
128;MaxBlock(48,10);VERDADERO;
227;MaxBlock(48,10);VERDADERO;
413;MaxBlock(48,10);VERDADERO;
258;MaxBlock(48,10);VERDADERO;
357;MaxBlock(48,10);VERDADERO;
358;MaxBlock(48,10);VERDADERO;
423;MaxBlock(48,10);VERDADERO;
424;MaxBlock(48,10);VERDADERO;
262;MaxBlock(48,10);VERDADERO;
241;MaxBlock(48,10);VERDADERO;
277;MaxBlock(48,10);VERDADERO;
276;MaxBlock(48,10);VERDADERO;
391;MaxBlock(48,10);VERDADERO;
355;MaxBlock(48,10);VERDADERO;
224;MaxBlock(20,9);VERDADERO;
225;MaxBlock(20,9);VERDADERO;
180;MaxBlock(48,10);VERDADERO;
181;MaxBlock(48,10);VERDADERO;
215;MaxBlock(48,10);VERDADERO;
148;MaxBlock(48,10);VERDADERO;
388;MaxBlock(48,10);VERDADERO;
476;MaxBlock(48,10);VERDADERO;
411;MaxBlock(48,10);;1
409;MaxBlock(48,10);;1
412;MaxBlock(48,10);;1
410;MaxBlock(48,10);;1
519;MaxBlock(48,10);VERDADERO;
472;MaxBlock(48,10);VERDADERO;
526;MaxBlock(48,10);VERDADERO;
527;MaxBlock(48,10);VERDADERO;
518;MaxBlock(48,10);VERDADERO;
512;MaxBlock(48,10);VERDADERO;
489;MaxBlock(48,10);VERDADERO;
488;MaxBlock(48,10);VERDADERO;
376;MaxBlock(48,10);VERDADERO;
471;MaxBlock(48,10);VERDADERO;
377;MaxBlock(48,10);VERDADERO;
390;MaxBlock(48,10);VERDADERO;
381;MaxBlock(48,10);VERDADERO;
389;MaxBlock(48,10);VERDADERO;
380;MaxBlock(48,10);VERDADERO;
471;MaxDays(2);VERDADERO;
385;MaxDays(2);VERDADERO;
384;MaxDays(2);VERDADERO;
228;MaxBlock(48,10);VERDADERO;
356;MaxBlock(48,10);VERDADERO;
368;MaxBlock(48,10);VERDADERO;
234;MaxBlock(48,10);VERDADERO;
68;MaxBlock(20,9);VERDADERO;
58;MaxBlock(20,9);VERDADERO;
11;MaxBlock(20,9);VERDADERO;
10;MaxBlock(20,9);VERDADERO;
496;MaxBlock(48,10);;1
495;MaxBlock(48,10);;1
494;MaxBlock(48,10);;1
493;MaxBlock(48,10);;1
497;MaxBlock(48,10);;1
496;MaxDays(3);VERDADERO;
495;MaxDays(3);VERDADERO;
494;MaxDays(3);VERDADERO;
493;MaxDays(3);VERDADERO;
497;MaxDays(3);VERDADERO;
